y,group
3.3973713224089863,0
2.889388559063052,0
3.518150830480554,0
4.218423885126421,0
2.8126773002213312,0
2.8126904344406554,0
4.263370252405913,0
3.613947783322327,0
2.6244204912520384,0
3.4340480348687716,0
2.62926584575003,0
2.6274161971437944,0
3.1935698172528273,0
1.4693758042737617,0
1.6200657339895737,0
2.5501699766072217,0
2.189735103732461,0
3.251397866076219,0
2.273580739583031,0
1.8701570389317668,0
4.172519015137244,0
2.8193789596107717,0
3.054022563750339,0
1.8602014510292346,0
2.564493820379854,0
3.0887380717678927,0
2.0792051380621577,0
3.3005584146765377,0
2.519489048064956,0
2.7666450001653784,0
2.5186347102164826,0
4.48182254760715,0
2.989202220209653,0
2.1538312568352795,0
3.6580359296825513,0
2.023325080023182,0
3.1670908760038046,0
1.4322639008961795,0
1.9374511608812555,0
3.157488988695299,0
3.5907732639963283,0
3.137094624951976,0
2.9074813740894077,0
2.759117043528569,0
1.817182407706058,0
2.424124633284233,0
2.63148898323217,0
3.8456977809751325,0
3.274894631654769,0
1.5895678757098128,0
3.259267175515836,0
2.6919341756669466,0
2.458462399755233,0
3.489341031072694,0
3.824799617996761,0
3.7450240952929588,0
2.3286259814218893,0
2.7526300993190285,0
3.265010745122851,0
3.7804361016978874,0
2.616660609723768,0
2.851472818668946,0
2.1149320207951776,0
2.0430347007354634,0
3.6500206579153582,0
4.0849920228566585,0
2.942391902735733,0
3.8028263183136195,0
3.2893088200381073,0
2.4839041963159003,0
3.289116484406731,0
4.230429253172775,0
2.971339168712039,0
4.251714924651205,0
0.9042039167282043,0
3.657522003500179,0
3.069637654590537,0
2.760794119627306,0
3.0734086212284017,0
1.4099448683192857,0
2.8242624897299904,0
3.285690057209397,0
4.182315235793213,0
2.585383825381082,0
2.35320511768545,0
2.598594365132371,0
3.7323216941616595,0
3.2630008877277477,0
2.5761918369863688,0
3.410613946490685,0
3.077662039478432,0
3.7749159924263114,0
2.438357524898118,0
2.7378702827217856,0
2.6863134774942736,0
1.8291880414943051,0
3.236896221651661,0
3.2088442177439114,0
3.004090765313969,0
2.8123302932998824,0
1.8677034063596685,0
2.663483741787713,0
2.725828386778584,0
2.358178184622705,0
2.8709714306671925,0
3.3232406854516308,0
4.508948720968425,0
3.139662250265471,0
3.2060403125782115,0
2.9404432673870664,0
1.4649830277607667,0
2.9787888996406267,0
3.048184167952821,0
4.970593689988229,0
2.846111228175102,0
3.24123787386689,0
2.972230584235805,0
2.0650575699043743,0
3.9142582516120163,0
3.6015464261494192,0
3.6328255576344377,0
2.272490036164209,0
4.12223544874888,0
1.8785191497661753,0
3.4694856750402163,0
4.752364500647983,0
2.207570939895449,0
2.5469618163177823,0
3.079721092070113,0
2.5972194767070405,0
1.7594692551470938,0
3.054850379844822,0
2.150157029019116,0
3.378873944508145,0
2.2644606126129574,0
4.239947524014031,0
2.37339736613101,0
2.7423507870354595,0
3.650813773895736,0
2.015308546852836,0
3.1819679476833036,0
4.045714203425943,0
1.7140134123510178,0
3.1477070868258434,0
3.2079062353987386,0
3.625458297421848,0
2.0104394312975344,0
1.943634709532579,0
3.4175532524935184,0
3.237587738586549,0
3.200394280276701,0
3.2771585675975805,0
2.455980222737207,0
3.1858029577288027,0
3.234457978638945,0
2.428518865578906,0
4.492619608915805,0
3.37906633672943,0
2.046957202237881,0
3.5252428869070638,0
2.220254663818143,0
3.629667682993962,0
3.9268764632059234,0
2.3434541453186317,0
3.7707009033954577,0
3.330224741549199,0
3.657648127995592,0
4.517434386123158,0
2.8036895071977037,0
2.3970110685140082,0
2.2883884562995815,0
2.3473517720276496,0
2.9383186324687167,0
3.272921579853315,0
3.221352639464015,0
3.661746599228819,0
3.0104015135023254,0
4.1628272617258535,0
2.788274533409635,0
5.176135333271695,0
3.5005338782120052,0
2.314273954866974,0
2.14328600155111,0
3.3859779321945482,0
2.8212297717393193,0
3.5712003952736735,0
3.378590099658836,0
2.941736869874502,0
2.322565025545276,0
1.7881222202513083,0
2.6427880383463833,0
3.685119035458778,0
3.171274995304163,0
2.0034089770304098,0
3.1385447406809455,0
3.3082539037830694,0
2.2929140510390935,0
3.1229800847564224,0
3.0465669747568,0
2.0856237617355013,0
3.2862298882786267,0
3.4486276210945874,0
3.8664409945402216,0
3.8430416416279223,0
1.897864505634327,0
2.2497399680679018,0
3.412028213766928,0
3.411028760729767,0
3.4120381490448386,0
6.082185192523777,0
3.4567124085545338,0
3.9084525121444793,0
3.763201410794562,0
3.5211130010446383,0
2.7477846042877236,0
3.607175376394614,0
2.3817398283699425,0
2.8105451146079927,0
2.611709161736717,0
3.065499311509058,0
4.851726853338807,0
1.5061878459266014,0
3.549008152299611,0
1.7098273030482787,0
2.6224545073684533,0
3.871160477573893,0
3.0514240152763703,0
2.1378041776565553,0
2.4277570325920252,0
3.543678199147741,0
2.415706694626291,0
3.17316687166558,0
3.036457471923051,0
2.478719721915346,0
4.715155271460261,0
3.507135217854409,0
1.3798859306739142,0
3.149163451815542,0
2.4705708281852896,0
3.6819466678369794,0
2.3659834092538397,0
2.908210846826481,0
3.4039898231843657,0
3.692604155336097,0
2.039762874355379,0
2.7323990113272414,0
2.620043751071235,0
2.4773366139410307,0
4.4123633922248775,0
3.3239853687687644,0
1.9912928365319638,0
3.734289557643821,0
4.697724957610107,0
3.8259722084409176,0
1.7845040272367891,0
2.612612741706999,0
4.013528919349298,0
2.4338644275049752,0
3.3550555425169826,0
3.6197072427434693,0
2.2584556227375336,0
2.9523797151505597,0
0.40698612794474176,0
2.180489886932568,0
2.7979454788854716,0
2.0017734544281205,0
4.3059290431453086,0
1.8558868976314937,0
2.647964410642413,0
3.104592461828873,0
4.153018631252893,0
1.8513102790564484,0
3.930531001723968,0
3.0081864488156698,0
2.2147930791616393,0
3.3696827794106166,0
3.159247756458776,0
2.5198264982729643,0
3.055841667992015,0
2.6917491225105916,0
3.0908138762009982,0
3.529704539616837,0
4.268813452916282,0
2.0097476009385207,0
4.7064266997250135,0
1.4383297603819984,0
2.8785719239715335,0
3.470653765187661,0
3.224793494188026,0
2.501840384143525,0
2.8335021997141796,0
2.605599252272934,0
2.5285081944446306,0
3.67968167761682,0
3.285612388772038,0
2.4456723237914764,0
3.7196799003466006,0
3.2458396167012875,0
3.650289695071168,0
3.50370307353889,0
2.336803991262342,0
2.551855167842424,0
3.5978348840986096,0
3.488296212346772,0
2.9832787248286814,0
3.0938619066470254,0
4.02213191663074,0
2.526742888931336,0
3.4376779049360304,0
2.8382458780528848,0
2.825855037418224,0
3.879021481589752,0
3.660333079190424,0
3.650807708800511,0
4.044383045723463,0
3.0168030733062072,0
3.545562377035971,0
2.7517865947252353,0
3.2593330819907536,0
2.8958855565058523,0
3.0775967719941746,0
3.476125620349531,0
2.345423453413222,0
4.673909820548368,0
2.1951860948002384,0
2.0286491097698143,0
3.9264886988000542,0
3.6333301551703485,0
3.499295853641724,0
3.502676407411424,0
2.9902025817224684,0
2.2821965028113347,0
3.060643646554981,0
2.4582706307903104,0
3.780095786734201,0
2.882354094798289,0
2.3396022425659906,0
2.742891326677605,0
3.3303451634204997,0
2.5490203577568202,0
2.342223683546855,0
3.19494976919353,0
3.1959732568869783,0
2.5944454597030964,0
2.623169355505342,0
3.185639949886109,0
1.8415325268021407,0
1.8740289804987558,0
2.425244622998051,0
2.829242278630522,0
3.248726052478404,0
4.180284973559642,0
3.6861276985616156,0
2.8720491760292584,0
2.984787033677849,0
2.197976508289753,0
2.985189491206088,0
2.7690730888638893,0
3.2581748482704715,0
2.3382152451581417,0
3.415477211392938,0
4.2261911304020625,0
2.9129918812345137,0
3.321369377679153,0
3.55211519336889,0
2.679023622491331,0
3.1792739854483334,0
3.010073920625436,0
3.0781408788390654,0
2.3815921729156266,0
3.019608139407154,0
3.3983986329963596,0
4.160914886236034,0
3.7674166608681654,0
4.722545966009245,0
2.3861219496895605,0
3.6978565093765425,0
3.1466736045906814,0
4.751842346574138,0
2.353361371715879,0
2.328222526255379,0
2.520485883644782,0
1.3008834205521544,0
2.579395982655391,0
2.3926938707570415,0
3.1203150291809663,0
3.2734047806217275,0
4.500936671372709,0
3.76033907054884,0
2.5384770754700776,0
2.2812682629213135,0
3.3935353372052046,0
1.9438134343834863,0
4.465167012683483,0
3.9435520965770294,0
2.6246594783162362,0
1.629492376727298,0
4.08309789933233,0
2.9083681237979055,0
3.9902530495787696,0
1.7244578729645061,0
2.5204999816369815,0
3.0041949597745465,0
3.0375844750117937,0
2.639947622816605,0
3.498279945877999,0
2.1459036564939247,0
2.8860964119829653,0
3.096236505369519,0
3.4115510672469993,0
3.569291902471112,0
2.1002863265297047,0
1.7727086634115021,0
4.022141457518807,0
3.265851209583673,0
2.401210770754757,0
4.240921580418019,0
3.092539707434287,0
3.9434377472510613,0
3.054014785128087,0
4.64859833990559,0
4.404272673954564,0
2.8008286812167413,0
3.7772567607634846,0
3.516300759668118,0
4.0949052460258795,0
2.2280612315359165,0
3.5488411679987513,0
3.8467395894796703,0
1.5930084108615086,0
2.05339318986738,0
1.3686142577919194,0
2.784474532444354,0
3.5740338046367697,0
4.201885641676823,0
3.05927582433582,0
4.302892436457034,0
1.8959188334280868,0
1.6372940485158762,0
2.955561840882705,0
3.307252359151446,0
2.9738442015247255,0
1.3460463199680985,0
2.9287039683897693,0
1.9564243995961175,0
3.535738039064031,0
3.2932785968774785,0
2.2480961709381155,0
2.588906466130645,0
2.152629182488839,0
2.9498567221814627,0
3.7641138564009906,0
2.211419162931565,0
3.4032372124142753,0
2.5757939053020475,0
2.3657017341901247,0
2.9143757120363536,0
2.1718061420645007,0
2.5570805557222545,0
2.0416976859289213,0
4.571780106333112,0
3.028210841577383,0
2.4402195936059314,0
3.1711839285873777,0
2.9101375602473363,0
2.8232243203734217,0
3.4913333600347403,0
3.606006168037844,0
2.575599081911578,0
2.539345407484256,0
2.7799586422786846,0
1.158463068211532,0
1.7878471502411581,0
4.09349941395562,0
4.315974170801027,0
2.8007711683548973,0
3.4612455704446132,0
3.2490001236348287,0
5.46310464676419,0
3.8956599291476612,0
2.8976659268153866,0
2.2355676475196593,0
1.7148429437939419,0
3.1627709086937785,0
2.3949194037725574,0
1.8621970323218606,0
2.4827416926059787,0
2.134761597108484,0
4.3497133080580515,0
3.7053118055595604,0
2.993621886946706,0
4.183955311112021,0
3.0618946461180947,0
2.310972638937389,0
4.218499261815726,0
3.431128034947727,0
2.1702030765388347,0
2.8477290575331136,0
2.299505397292194,0
1.893760215228531,0
3.740942038025313,0
4.527533312376105,0
1.881145940944687,0
3.4503753893524567,0
2.4794859447025384,0
2.610299692988243,0
2.5260848606089046,0
2.308807384256147,0
3.0388173023558616,0
2.33523990687117,0
3.216365460623871,0
2.9598095124406902,0
2.8088415625068723,0
2.273949070366722,0
2.5385829355453335,0
3.604312980660605,0
3.4007337500995045,0
2.217955804161159,0
3.079465844343381,0
3.601109698697431,0
1.6644757751029025,0
3.434688153903948,0
2.4699009928433227,0
3.4564789348745277,0
2.3893926747659866,0
1.5560943194683847,0
1.6979660496934699,0
3.0384679573291056,0
3.2077780013771857,0
2.276546699916473,0
3.510873967021899,0
1.670783950184832,0
2.9471361610821467,0
2.0311870401900345,0
2.4785311137582724,0
3.0379189370531314,0
2.311669307772838,0
2.6923555646161397,0
3.8050342473715526,0
2.538486504381481,0
3.6685536896521134,0
2.0962345162739053,0
3.4238433423322263,0
4.15325489652632,0
1.0226843998981685,0
2.3624837956236187,0
3.461657701744432,0
2.837563691165606,0
3.2969166986970473,0
2.5168118506273434,0
3.06927182997832,0
2.8754582116863365,0
3.934225649327846,0
3.2035366746409704,0
3.2700821296601617,0
2.670498427102026,0
2.609915020742005,0
2.653953449744303,0
3.3155617139026377,0
2.6632124153437897,0
3.2318198855171305,0
4.660320638916351,0
3.696899762745354,0
2.739181174265727,0
3.960971137731156,0
2.673539701582759,0
1.3695003718577168,0
2.1935309512660766,0
1.5033664631793153,0
2.718789212766953,0
3.014734703351641,0
4.341149849820226,0
3.26154189901133,0
2.8247195769529085,0
3.6635244649467915,0
1.2310917527936918,0
3.188491646486853,0
3.6166921551095736,0
1.8171310033761268,0
3.9150032345655434,0
3.2707971259955313,0
2.667769668879359,0
3.506225492885028,0
4.816554286243517,0
3.1454930040467963,0
3.198576469040269,0
2.6325112803678046,0
2.3201245044281666,0
3.6642686532353963,0
2.3151329392729063,0
3.057252989775514,0
2.6178740425879066,0
3.3831838605971134,0
3.2669296842295585,0
3.8300319554063194,0
2.5919868809162026,0
2.784100051765303,0
2.216989027374154,0
2.6445653919391106,0
3.3018403944358816,0
3.6055908933162817,0
2.2622677406578995,0
3.6956847360845284,0
4.084510287043961,0
3.3307479225789605,0
4.501436650046453,0
2.3809686407171418,0
2.0042762373508665,0
1.5770238008765771,0
4.196835449191346,0
3.5234925250832463,0
2.955532263271636,0
3.2239749010558563,0
2.099608762161299,0
4.956601583693461,0
3.103376945580182,0
3.0875158356839143,0
3.5806132991189537,0
3.3848073853893705,0
3.179107219423305,0
2.3676204356437505,0
3.3771746857087965,0
4.5056195971800275,0
4.0763360369239825,0
4.2745493013115174,0
2.5910274588550517,0
2.208316143793135,0
2.8993704639202815,0
3.0445799298309555,0
3.8753532147767586,0
1.6460282962281445,0
4.223640255568491,0
2.8735936811368084,0
2.658495144042064,0
2.190316499791866,0
1.6761146625073844,0
3.6585364671695317,0
3.058654373750723,0
1.968031280207157,0
1.963936982349107,0
2.7313722405678975,0
4.335217220231515,0
2.792326918909116,0
1.797485637505515,0
2.8034055487312446,0
2.7818211442018637,0
0.8424906856467427,0
2.95656410678575,0
2.8152523758330577,0
3.556965091850735,0
4.479164875956276,0
3.901252023638206,0
2.7848890475561356,0
2.114779273006664,0
5.0586878425998885,0
3.0473747472115904,0
3.011143433530357,0
2.980699930311997,0
3.158467808614284,0
2.8845116704608462,0
2.541070394495811,0
2.562512847007686,0
2.9737973838272014,0
2.565260183092988,0
2.4297233738582684,0
3.0851441821535173,0
2.7960182260633157,0
4.203194390866151,0
0.8792241532855902,0
3.8732054815379695,0
3.9968681539981032,0
1.3412878140734803,0
2.725849924735721,0
2.702847307203367,0
1.873990644225743,0
2.3777466499272997,0
2.111539323627337,0
4.401816354738898,0
3.748542714517969,0
4.017244075995327,0
3.577337651234588,0
2.0967585830262165,0
2.580383786976181,0
3.3914996489823346,0
2.022297752886444,0
3.5703987441379104,0
2.807739681473492,0
2.700143353960322,0
3.5687679745627934,0
3.3554106491888316,0
2.711227067344736,0
3.9274638426913984,0
2.1351493379200823,0
3.492748485555411,0
3.474481006374707,0
2.752362848548808,0
3.260906417793694,0
1.9991091388917577,0
3.739221615365521,0
2.8520782908456086,0
2.581821583584768,0
3.8392073806695115,0
2.4365250475657927,0
1.8732309629091521,0
1.754696661180877,0
3.4848079610765117,0
1.9756565180029735,0
4.403835345587492,0
1.3344564736930222,0
4.35716509463203,0
3.1688139737620946,0
2.922629510503686,0
2.56406473055284,0
3.319308891481657,0
2.969892238060121,0
3.882641505613217,0
3.0913821189296318,0
3.120241409169502,0
2.7091102302289154,0
2.954443501023146,0
3.2462414151136474,0
1.6318652858746994,0
1.9214516623154296,0
3.5946112752181723,0
3.1366923505023534,0
2.8528133309178565,0
3.0147471464523146,0
3.2780653642893367,0
2.5681922557525105,0
2.3773562196781497,0
3.156676204078145,0
2.2173017779079744,0
3.3266022045715777,0
1.6379331166097275,0
3.823324509860515,0
3.3780779859304344,0
3.2048237874511005,0
3.786152787156411,0
4.3323795555700615,0
3.8114960520145043,0
1.5273006149346837,0
1.9763384266114388,0
2.500145137843457,0
3.020872840168667,0
3.4141272163752987,0
2.4194049494772276,0
3.1494134115816625,0
2.395693654117342,0
2.5107857576064414,0
1.874671122521422,0
2.2614134031112765,0
1.918652315506933,0
2.2193013976181337,0
3.8429134372862714,0
2.2404808889344454,0
5.105905651869913,0
3.3946543207047113,0
3.147868898955899,0
2.313313775855029,0
3.560247903527193,0
2.539489739009781,0
3.097607851716289,0
5.048067630615035,0
2.92315208022028,0
3.9194186610285406,0
2.43745885989929,0
2.9720092076024307,0
4.416640508508408,0
2.498426353769786,0
4.449958846397543,0
3.5662015483643805,0
2.550026579284586,0
3.505926191244417,0
3.778043559701384,0
3.497447969773757,0
1.7438202240876348,0
2.418290259340105,0
2.8019850915587963,0
2.940453256719963,0
3.4965376780405424,0
3.142160800746603,0
1.931724513031919,0
3.3041582808047707,0
3.4884685962270585,0
3.447832358344832,0
3.8646245804436976,0
3.667137723639123,0
3.3673440633827494,0
2.9438674308330826,0
1.6712312531872069,0
3.3436945753060687,0
3.166150149730489,0
3.217263069756299,0
1.9786011393437524,0
2.13515476767339,0
3.842522282666323,0
2.968355876914676,0
3.5452005578980996,0
3.022654700904369,0
3.023804911596596,0
3.7506270447807983,0
2.5871642174261007,0
3.0768966215527866,0
2.630179769035966,0
2.6524030180541476,0
2.7526623012250884,0
3.1777070173069704,0
2.617001102669218,0
4.0046049004588165,0
2.284314158224397,0
2.850502684670913,0
2.64821515338066,0
4.157582307482986,0
3.15724382120926,0
3.825475631574908,0
1.8115517015704223,0
3.213640212695407,0
3.71170463649875,0
3.065827191420339,0
3.852384300052281,0
2.5861692399197023,0
4.127477952148464,0
4.839118498895401,0
2.709729151648273,0
2.6435979828793825,0
4.1627075816941606,0
4.26365771658457,0
2.581711978277385,0
2.663850546323314,0
2.7745723129115945,0
1.9244395911725782,0
2.2650784428126416,0
2.1966873865983456,0
2.385761947916697,0
2.972252090090575,0
3.1873717860292166,0
4.240400394251262,0
2.2013167674089673,0
3.787457918781267,0
2.828808924619593,0
2.9604290322780535,0
3.539855593733283,0
2.101822382750161,0
3.3059277969472403,0
3.1331617665704448,0
3.3939610112065193,0
3.2313349151262543,0
4.964240111928715,0
2.4898080125989472,0
2.5752024359985457,0
2.5014875788601882,0
2.555618304671796,0
2.4900902981547857,0
3.9512132248860414,0
4.136403398391884,0
2.543402965000419,0
2.334115541516617,0
3.3771324451091234,0
2.558221564575223,0
3.506345454204409,0
3.16233841668104,0
1.7874047080022144,0
4.238004161064049,0
4.436702138476417,0
2.509769047612491,0
2.689838752051213,0
3.228692312579924,0
3.26756543198962,0
3.5268354181382646,0
4.608163631013079,0
2.8584422180047606,0
2.361362204369237,0
1.8965446175883782,0
2.4152559680464645,0
2.9734984217009623,0
4.43564629081423,0
2.585910960771063,0
3.179030361311119,0
2.9868616831417985,0
3.950714618758467,0
5.021545940698898,0
2.575304981663743,0
2.608448445985422,0
3.8353287016552575,0
3.5455131917010494,0
4.477365860588827,0
3.467142548260771,0
2.7125663273703524,0
3.4725238645538474,0
3.886962864466326,0
3.656385744957891,0
3.405819224885838,0
3.853339751671323,0
3.935436472356538,0
4.105727192830022,0
3.518967910071714,0
2.8663055357465166,0
3.1173709491466584,0
3.9652071732066854,0
2.346451463210211,0
3.294938647098321,0
2.6853289501381115,0
3.022995858347854,0
4.0227614900858395,0
3.1528792544159225,0
3.0371492385249192,0
1.9121150872160646,0
3.5970028528217766,0
3.5163873449128604,0
4.730603778644368,0
2.7537774120375995,0
3.175320262131151,0
3.1995069469686044,0
4.2619626238107795,0
2.9237635740904384,0
3.2232172206162715,0
3.486317207773231,0
3.1492872985250866,0
2.6428531083595774,0
3.155271994318646,0
3.8589053998878176,0
2.1787877604711516,0
3.106375739317501,0
2.439903348048661,0
3.956037303139874,0
1.7814504761729801,0
2.5528625221827292,0
3.3017695000516167,0
4.252419223387473,0
2.94739979114161,0
2.555840378645441,0
4.504925655552472,0
1.8415888796670048,0
1.2409552347039343,0
3.352011560042666,0
2.598356620517911,0
2.1830137462954293,0
3.5666851578394825,0
3.195040571016959,0
2.548737095410617,0
1.9757564810632844,0
3.6979658626241156,0
3.5201609423669287,0
2.920659308976494,0
4.477309596838133,0
2.143932186939078,0
1.779579863260209,0
2.4464735440950043,0
2.963531186915602,0
3.1946715594581536,0
2.807011153714936,0
3.2816443172114376,0
1.9987684606476448,0
4.155011683258608,0
2.934279057285945,0
3.893836665270502,0
3.2741802771021633,0
3.365402575323027,0
3.455813824185763,0
3.358166848013852,0
3.514178207894035,0
4.063322024105945,0
3.157216935761176,0
3.5672030060708098,0
2.9282114445702185,0
4.152093772359578,0
2.458886158352584,0
4.440752346328653,0
2.9678736394845253,0
1.8553799183055615,0
3.1024835319286312,0
2.4551586740200952,0
3.6725148391909794,0
2.4779008165580874,0
2.6430532534281763,0
1.488367415243575,0
2.6381549446007386,0
1.0608965386968345,0
1.7328777412114214,0
3.608331724915438,0
3.628640126920666,0
3.340366049427972,0
2.2264190854966297,0
2.961830915086416,0
2.997117968727545,0
2.073308248645966,0
4.20271864141372,0
3.7018898324605374,0
2.8232286609362687,0
3.0215086711956247,0
3.166706246358042,0
1.3666121052605673,0
2.8022580939835224,0
2.454412601601761,0
2.1987039920840674,0
2.775119765691236,0
4.438149221479618,0
3.512674289013608,0
2.5430568081737626,0
3.458066225084927,0
9.119484349268802,1
8.739706946330216,1
8.04770429593614,1
7.482450577835541,1
8.558578650890873,1
8.3147883083374,1
8.716154576022186,1
8.508137441345575,1
8.839642172255468,1
7.571811830751546,1
9.05391525250746,1
8.15807968375392,1
9.660208698100213,1
7.448649745528345,1
9.3887710425322,1
8.158328626770118,1
7.478865597108442,1
7.612891332756543,1
7.743722153444544,1
8.339332757121532,1
8.4182683904284,1
7.541039996849137,1
7.980516326191213,1
9.713816286889491,1
9.38203453608057,1
8.349058935739226,1
8.03040278253456,1
8.09602506137461,1
8.490814378184334,1
7.181765947841275,1
7.794098770061324,1
6.665132740897929,1
8.319378498084223,1
8.517756751762192,1
7.613450830160501,1
9.259189410632025,1
7.019387469598127,1
6.828500095832144,1
8.179561454847978,1
8.837678642089724,1
9.347142153166295,1
7.632892589704848,1
8.862944666745037,1
7.969193224399434,1
7.861898160047344,1
8.706927949989337,1
8.521858302730736,1
6.7388862744126,1
9.181232279780717,1
9.104073083317962,1
7.499549838792376,1
8.316642826749927,1
8.395224149026191,1
8.208539012659125,1
7.5597558769236635,1
7.462701305649559,1
7.979556743206844,1
8.938183215407491,1
8.434880123675546,1
7.703508534331116,1
8.617358968518676,1
5.7211659034959395,1
8.919012560297682,1
6.60822897697752,1
7.710047246877494,1
7.104264084299085,1
6.964254819423275,1
8.928661429902816,1
7.625839038950486,1
8.277203105384572,1
7.962463536896653,1
8.381632661778497,1
8.061457512848204,1
6.9736062206491445,1
8.797013455557712,1
7.60499473347095,1
6.754734481072199,1
7.65750787122727,1
9.20060783250745,1
8.680177393690794,1
7.721078292473712,1
7.720593836545257,1
7.742691959026094,1
9.661398386848672,1
8.305548361785243,1
8.344033317752857,1
8.824226763225473,1
8.19103132722121,1
7.792766283343438,1
7.842920120732018,1
7.942718992468749,1
7.970222210792127,1
8.582103634909584,1
8.041556708645839,1
8.586112061772463,1
7.9354267359131345,1
8.062908152252872,1
6.401439452374314,1
8.733062139761985,1
8.277190780718394,1
8.798408087887722,1
5.682995697445048,1
9.670699763824583,1
7.888328297475861,1
8.886546253390014,1
7.1680752582995755,1
8.490219124050055,1
7.157267549461075,1
7.500984831443356,1
9.531225083093428,1
7.847454079389323,1
8.173946298543779,1
8.696054184551004,1
8.396545510378084,1
8.120335124114861,1
8.291968801972981,1
9.92273246819062,1
7.953904962373132,1
8.160879237371974,1
8.84052351680609,1
8.884420746366388,1
8.949624244448303,1
8.510984177623348,1
7.0855960698156135,1
9.306745225840878,1
7.082923685585049,1
8.242108372191227,1
7.396579319984514,1
7.948689322725606,1
8.263009928242784,1
8.257085772360218,1
8.337536603388228,1
9.290969015246917,1
8.362827441211184,1
7.804674691767481,1
8.771269734630685,1
8.951576391139712,1
7.017913747890406,1
8.477920055879887,1
8.560938193848719,1
7.761949197312006,1
9.100565450649295,1
7.879955530373978,1
8.100461162777234,1
7.861542540572905,1
8.012463238065173,1
7.122979930483838,1
6.847959293924564,1
9.275604050579979,1
7.322430921345338,1
7.206886120434954,1
6.277287909117028,1
7.488830601848398,1
6.9415281652740015,1
9.313612128109096,1
8.807853671474108,1
7.449479723857821,1
9.801948644275447,1
8.785412389593276,1
7.740134893193102,1
6.000475428101142,1
9.832754058072593,1
6.8883420265891235,1
6.683681002434486,1
8.818056345607712,1
9.951801925071418,1
9.107418254808415,1
8.451127296041888,1
8.47580347333223,1
8.682732447024247,1
8.607142871829412,1
8.2249531391755,1
8.0833608831615,1
7.949925497680382,1
7.396828328906659,1
7.775459938506581,1
6.645634548643692,1
7.9213282985642,1
7.209127114279266,1
7.1171285462273834,1
8.143915320922783,1
9.11360182907568,1
8.734653284801851,1
6.743599517101458,1
7.20829749074373,1
8.752616950390573,1
7.2140100851693525,1
7.8202934800023804,1
8.440041679219641,1
7.225324436109092,1
8.084300404916767,1
6.932779604065436,1
7.518905884839029,1
8.25582554731403,1
6.725605013174665,1
8.35237979036832,1
7.984289760858655,1
8.441991963533718,1
8.17913130725173,1
9.091312343979075,1
8.100179602118326,1
7.656475567099798,1
8.097838002425828,1
8.43463842322911,1
8.039088056260564,1
8.032473352963105,1
7.4384066497545955,1
7.4696792659592415,1
6.877915782560245,1
9.399661394549552,1
7.004909411686972,1
7.445675841763274,1
7.425274187544642,1
8.715939501555553,1
7.764040257366378,1
8.998193658138987,1
7.461207500604905,1
8.223195329779042,1
7.331722357392194,1
9.716119302218711,1
7.04992126477639,1
8.247856568181621,1
8.507021504745678,1
8.3310392779612,1
7.851769872897833,1
7.896143440213259,1
8.035049177583288,1
7.882398398697209,1
8.771103293435928,1
9.768418401273081,1
7.5540065719937335,1
6.904157616336738,1
7.929374361318996,1
10.063767470123455,1
7.357060345624215,1
9.311293444355254,1
9.342160651261153,1
7.557129406633605,1
8.45518646334822,1
9.30271729850283,1
7.69669780721001,1
7.83713571191811,1
7.534655268841085,1
7.188194615445706,1
7.480577963947194,1
7.020847786590195,1
8.02726677460738,1
7.384021415153087,1
8.187028729432598,1
6.755283483037098,1
8.264704185771565,1
8.66682316928714,1
6.405011485942835,1
8.299245255878057,1
8.982135193978634,1
7.032287185047036,1
9.338057909470162,1
8.335215207492837,1
7.435990515393273,1
7.955384737873835,1
8.446661530017378,1
8.06080431312993,1
8.431004793957095,1
7.263461125536507,1
8.135488659228862,1
6.869028402476015,1
7.91101915092104,1
7.276873886828168,1
7.411576045928187,1
8.98887454016835,1
8.873048096475415,1
8.487310496725742,1
7.1261497882619365,1
7.746873240244159,1
8.970478159983347,1
8.113373530911923,1
9.855463631985355,1
8.314654271515497,1
8.153639293192025,1
7.752706828637999,1
8.106832723825827,1
7.8780241308955645,1
8.566486941350872,1
8.765361853435667,1
7.37120843159364,1
6.935013637153777,1
6.531035701517363,1
8.406393061530036,1
7.117306715060901,1
6.277687525638013,1
8.310862883624772,1
9.994399613946232,1
7.995143270768085,1
8.670792619561313,1
8.065463486838052,1
7.9208882774470855,1
8.735261186390215,1
7.767780364649079,1
8.213913851257523,1
8.25735824495681,1
7.465527637085561,1
8.793633879629219,1
7.860032194643673,1
7.3954038724057245,1
8.429207874856322,1
7.28122561456717,1
8.022544925895303,1
7.992704802684637,1
8.868716452665263,1
8.379758586303963,1
7.979978433003885,1
8.65421303936023,1
9.11216603921385,1
8.44624824508149,1
8.008282095874705,1
6.950531014119872,1
7.147909069539702,1
7.755820236516266,1
7.512390238272573,1
7.850422957611643,1
8.045319939917686,1
8.423754203485384,1
7.943600977552727,1
8.389201315060962,1
8.051579531848096,1
6.419626746916903,1
7.248531684944997,1
7.884729955422707,1
7.032244205727114,1
8.479942983996963,1
9.224600665874958,1
8.975009481357853,1
7.829245703255833,1
9.192580909479961,1
8.11893396576169,1
7.730331223105568,1
7.509277869167248,1
7.758024250809497,1
7.689458545167017,1
8.13633297790039,1
8.128459184839892,1
8.002436816122731,1
8.34955053579708,1
8.952517019829074,1
8.75964330835306,1
6.8120816252400775,1
5.956863092078436,1
8.74745592899142,1
6.906497041267663,1
7.820187678485853,1
7.063909579152512,1
6.558415649935984,1
8.433170182563831,1
8.607324128242118,1
7.538791679418624,1
5.9271661662840724,1
7.5630044413980135,1
8.313443204322038,1
6.816870744980697,1
8.146687935823325,1
7.987752120661604,1
8.463433199680871,1
8.095664294731323,1
7.221544847294756,1
8.957257201331593,1
7.873176341578424,1
7.978156368392055,1
7.253385632741443,1
7.645374199046792,1
7.292157828778479,1
7.861643152061261,1
9.369366784113875,1
6.902479085654915,1
6.709150881698607,1
9.176936261994888,1
7.832541058278507,1
7.464741809072066,1
8.83192374991686,1
7.515507568210508,1
9.46080777083755,1
8.542340697071415,1
7.609670873483438,1
9.725846570612402,1
7.515428061597329,1
8.593676297607445,1
8.239434064325193,1
9.04139303151904,1
9.249208957381482,1
8.025603319252614,1
7.397265703723053,1
8.367977714351293,1
7.457827704198315,1
9.610709798021299,1
8.10922826486619,1
7.707742758950313,1
8.147744244691927,1
6.922298968376243,1
7.222708769191478,1
8.960331126355541,1
7.474484576822883,1
7.162471213854448,1
8.42932220202183,1
8.948563323730397,1
8.575162648532054,1
8.796838148644653,1
7.394563929144431,1
6.862551466606525,1
9.20106692156439,1
7.741856128926291,1
7.799333586835962,1
9.062555313479246,1
8.444984007520528,1
8.364710217665285,1
9.732001875920867,1
7.485185415695885,1
8.74227210246499,1
8.045610499917668,1
8.214873823090606,1
9.222774741130026,1
8.406268605031698,1
8.430636863239707,1
8.858005869847842,1
7.7080378163656915,1
7.328632266128794,1
7.164152644783173,1
6.426914728499199,1
9.644965703952257,1
7.117433307422654,1
7.822997101131382,1
7.7785493600888636,1
8.24592535824728,1
8.652589770031437,1
8.688378790687796,1
7.533538049144849,1
7.866302628970871,1
8.22606396039064,1
7.801047099053163,1
9.285876460815995,1
8.392779961310602,1
8.587902228839853,1
8.53030501493393,1
8.93877908598826,1
8.144817246962965,1
6.962534441635323,1
8.319750361402113,1
7.478914484966537,1
7.577106654600194,1
8.469091215004074,1
8.99062645714691,1
8.01701726138885,1
8.24706641007917,1
9.36177195570819,1
8.192602543590855,1
10.081346491344316,1
8.452407716505235,1
6.591389792675345,1
8.602673296883626,1
8.304926707906223,1
9.031802203266196,1
8.538545081015966,1
7.889235212812981,1
7.020561410968507,1
7.83278139417118,1
7.31958363663256,1
7.535581240156222,1
8.470862723536488,1
9.335923603481126,1
8.315737223858385,1
7.043293550371852,1
8.355682134576112,1
8.957305189316521,1
7.512173676544494,1
7.892786266661666,1
8.011750555783358,1
7.3720813495342075,1
8.518624347075088,1
7.903241481113775,1
8.335625955125622,1
7.29000625775832,1
7.650033359741272,1
8.577905086262216,1
7.701733478326586,1
9.381571080986724,1
7.680291051508318,1
8.17974778060151,1
8.746072665498472,1
6.865307413653575,1
6.591352950415379,1
6.779474948343924,1
9.010067282741746,1
7.558513483286043,1
10.046559428534602,1
7.54860192107409,1
8.14764104255763,1
9.2336879620543,1
9.604874310527299,1
9.649202861309119,1
8.966692984474514,1
8.81925002064917,1
8.474021559360946,1
8.62268886093331,1
7.559051426937173,1
7.345440893262154,1
7.997300434071239,1
7.8638523019800575,1
7.6374175605381796,1
8.557109957965372,1
8.76424416685641,1
8.070725509033478,1
9.18202406484421,1
7.086648708693196,1
7.8450724325762256,1
7.426542143517756,1
6.506770706341552,1
7.933855451325841,1
7.9026019932933735,1
9.210759794593706,1
8.504649347643822,1
7.180650540536636,1
9.483274053067351,1
8.976826956420282,1
8.465678162774893,1
7.818812720920135,1
7.2324486106212165,1
7.702234579143157,1
8.870998895763348,1
9.507669044747686,1
9.234594822617751,1
7.608920462570981,1
7.104306053368791,1
8.112708997528964,1
6.585248507549719,1
8.258534171347826,1
7.881917930961065,1
7.627170798505406,1
6.724237546186563,1
8.410880085255773,1
7.573839328270471,1
7.064066531431769,1
5.702190229374681,1
7.977988075959491,1
9.417801277335796,1
9.329007371638296,1
7.634322994730983,1
7.518230351710575,1
8.37501940486002,1
7.2012916486493666,1
8.241433519855573,1
8.612864222707753,1
8.981546579107446,1
7.919876738816038,1
7.837060999858427,1
7.297613930594752,1
7.3384957167681115,1
7.818816886478778,1
8.293892405452942,1
8.7308677009866,1
7.357456839455724,1
9.194150855167617,1
7.783101119165945,1
7.982906164521251,1
7.402230656681741,1
6.0606077917816465,1
8.70723631708884,1
8.589475117673947,1
7.774937954305429,1
8.053592573779898,1
8.41275137416328,1
6.749963314490766,1
7.576757858122964,1
8.635411743697462,1
6.996568461464601,1
8.234846345733303,1
6.914734556301276,1
8.373143985946822,1
7.971486814162013,1
6.707894547275592,1
8.931791483565737,1
7.4123267385615605,1
7.351798050388496,1
8.160455357784754,1
8.918909879542973,1
7.187342544817282,1
8.049343879878377,1
8.343053200264459,1
8.554484485810516,1
8.14115324422178,1
7.706377728733342,1
7.337927823481024,1
8.0689151064371,1
7.142288790411515,1
5.6629196132043145,1
8.349247843326134,1
8.723147872868957,1
6.10965405156653,1
7.19221543623205,1
8.495323408804158,1
9.645996375769359,1
8.016634966140327,1
7.417597647016692,1
7.8536828471161275,1
9.099901135318548,1
7.483228656700372,1
7.360646394679797,1
7.613805182254374,1
7.23733711339303,1
8.098136252795836,1
9.299742766775648,1
8.258463418492823,1
7.79811719829897,1
7.766550984867565,1
6.749447353042674,1
8.706487821717728,1
7.937730242389758,1
7.8556160691275,1
10.55448605427589,1
8.23900232669255,1
7.398567159923853,1
7.658913923035565,1
8.918756567357404,1
8.090616328430212,1
6.849377617346106,1
8.735383147660162,1
7.465484731568805,1
9.498638220974037,1
8.86403845257172,1
7.642142483472999,1
9.02481308938809,1
8.054284408421923,1
8.682218940097776,1
8.38778625383558,1
7.322914676007301,1
7.485160134146031,1
8.82396865406493,1
7.732179734314768,1
7.677081229406403,1
7.235901936520517,1
8.338879252474769,1
9.650019935394516,1
7.145973668596581,1
8.019375565338207,1
9.129776444332343,1
7.936286887003428,1
8.361897436999786,1
7.150085177482496,1
8.342645677766118,1
7.850284587996361,1
8.78858399654389,1
8.949908841251801,1
10.071650913614892,1
8.463706538570861,1
8.260637053265732,1
8.155507441261868,1
7.717466965751449,1
8.270787074769354,1
7.763678871888777,1
8.13476878101569,1
9.054078028486368,1
7.194765947776287,1
8.911902848903237,1
9.053692053871892,1
7.905545178407137,1
6.302516080793124,1
7.513742410324454,1
9.037595637248888,1
7.9817055501608944,1
7.200558214164071,1
7.596180063017426,1
8.672496021203642,1
8.437386854561103,1
7.808854320664245,1
7.70654047054825,1
7.686593480764943,1
7.262071852401198,1
9.292300551575554,1
7.742143624630928,1
8.973726816660397,1
9.217052841537962,1
8.798648718518368,1
7.654703749825561,1
8.322984072269287,1
7.980643514887267,1
7.277038511415897,1
8.259487425377282,1
7.056768167072158,1
8.950143510769252,1
7.6283061621612855,1
8.160927724698272,1
8.226630297236914,1
7.792876021036738,1
8.46935504118022,1
7.620077074701981,1
8.697037837965794,1
6.923216255802601,1
8.10110366363713,1
9.551143199246628,1
7.19973494031554,1
7.457804023580119,1
8.411126279727132,1
8.143665425551678,1
8.280504079418847,1
8.39134970411813,1
8.507777174849416,1
8.887759873564978,1
8.32785492554281,1
7.806993876305166,1
8.538058960962186,1
9.519905547916172,1
7.893893002893941,1
7.220376556263487,1
8.885664535429578,1
7.903695068837122,1
6.261864363188771,1
8.677937341720337,1
7.571737451236862,1
7.927573374156672,1
8.265584264455212,1
8.152399743823253,1
8.567561453711232,1
7.6516109035441255,1
8.410484638540867,1
7.792362657932866,1
8.591048384710003,1
8.492293987210443,1
7.251649038364324,1
8.868785692940026,1
7.571229243908761,1
8.646446238624916,1
8.293829850721073,1
9.470546941436098,1
7.821227214102518,1
7.720546563105442,1
7.984464315289814,1
7.75745617373258,1
8.63995352155364,1
6.706951513250729,1
7.157054064682916,1
7.145757662736646,1
8.76024607357886,1
9.368490698065541,1
7.916440625170023,1
7.864942621447992,1
8.056041730490545,1
8.929502642086552,1
7.258117492647541,1
8.190695186187828,1
8.780158103825944,1
8.400875335951877,1
8.151665293278995,1
8.800836874053713,1
5.8374141656006096,1
8.542300255624726,1
7.476739453498061,1
6.535493682514835,1
8.408962079619984,1
9.098926836130365,1
7.890041188297847,1
8.762299637762352,1
9.289822606390917,1
9.051931562867239,1
9.311971623497115,1
8.593701992857515,1
8.060346911121274,1
6.718427350482266,1
7.803150009496041,1
7.325402723747047,1
9.736754173998252,1
7.85929135005413,1
8.098563845427588,1
8.441188300832374,1
8.034881957097962,1
9.356040832344602,1
7.501880510612438,1
8.155685964189795,1
7.406023531441561,1
6.943981991023435,1
7.510584727275772,1
7.97037056236127,1
7.656558220386192,1
7.4460632161009155,1
6.874946029062533,1
7.933515541897044,1
6.796223700775198,1
8.608044770951683,1
8.065951802347602,1
6.833958800428055,1
7.752632738360109,1
7.398274875527534,1
8.255339608335344,1
9.072360356818516,1
6.499862024283404,1
8.092020863317934,1
7.871893763546687,1
8.537072061160373,1
8.17055730259015,1
7.398424534608945,1
7.744756851466706,1
7.363179314557208,1
8.860805710878878,1
8.017049318937554,1
9.520952548602406,1
7.951471348948304,1
7.433274586471629,1
6.789028485909738,1
6.557488258995244,1
6.732691245595608,1
8.213701320809188,1
8.406980018583948,1
6.735047438374293,1
8.716030651260892,1
7.613551158653248,1
8.117434409588439,1
9.28977650260434,1
8.717471452692426,1
7.785175481675334,1
7.28704621966777,1
6.278547678936556,1
7.424677344606064,1
7.831095808937844,1
7.210256378279053,1
7.894994426326156,1
8.061481506367015,1
7.820115214553537,1
7.479997935341232,1
8.134923737573382,1
8.353552519655528,1
7.127680738045723,1
9.128745903797016,1
7.9211294941725905,1
8.015079698355878,1
8.566571538605245,1
8.1865729050108,1
8.762509307130596,1
8.22969933216146,1
7.51005010028765,1
8.289202820164881,1
7.08501903414347,1
8.086847764621218,1
7.973416007484431,1
7.833506514181968,1
7.897169990848855,1
6.494520763601889,1
7.561020073807231,1
8.074275920912891,1
8.12788511359792,1
7.177859887259233,1
9.01256627269176,1
7.3070601214284,1
8.77556576042139,1
8.341755489497348,1
7.4830181521249575,1
9.42024871408761,1
7.045090534594816,1
8.735323338888001,1
8.800465854434382,1
7.4635038327386845,1
9.113972240051464,1
7.799962788320838,1
8.230954903423886,1
8.208257471016976,1
7.892553006823562,1
8.648646618527826,1
8.63479097644177,1
6.601174421409455,1
9.043472194302522,1
6.67000640957146,1
8.826036963473326,1
8.901364109462067,1
7.127226855827841,1
7.671348569636332,1
7.115436265211251,1
7.828063175769012,1
7.753572572651407,1
8.623728425815472,1
9.048246996895687,1
9.116547048631965,1
7.550265578737358,1
7.832622501004378,1
6.653249446223239,1
7.355303946803049,1
8.771881306477965,1
9.292466258838585,1
7.012520902496062,1
7.526028592677685,1
7.978875394432858,1
8.224128927055686,1
7.352317184062683,1
8.339248835571272,1
7.6209285223432675,1
7.988438183297377,1
8.43702739840296,1
8.00513781584875,1
7.650891287578745,1
7.912312156859335,1
7.929309632635732,1
7.703991176094298,1
7.792963149866318,1
9.278917736403773,1
8.448735558352992,1
7.763615745576672,1
8.55756352360859,1
7.732944408195192,1
8.938499710069314,1
8.295713753758475,1
7.914158284796617,1
8.358173540648222,1
6.743299078345201,1
7.098586024872156,1
7.044859994880755,1
8.114354475810966,1
9.386011999588074,1
9.785040116954105,1
8.510440881152606,1
8.400675579955566,1
6.559153812677809,1
7.565860960212783,1
7.369772998473409,1
7.503321921399107,1
7.8654849451321684,1
7.622327537842298,1
6.41656015169937,1
8.598328204894027,1
7.141805579408155,1
8.19139749128892,1
9.659266135799978,1
7.264492326730862,1
5.9757699818029355,1
7.7711966224959115,1
8.880767707998857,1
9.566677963376476,1
7.016360324438066,1
8.397359378589217,1
7.627751634575957,1
7.915241316556691,1
10.115474677613628,1
6.797623737283877,1
8.20299172919566,1
8.374154537412346,1
8.868629059951477,1
8.078386522776716,1
8.246440431603283,1
7.6866811460625675,1
8.215301552996086,1
7.725446179602072,1
8.497257511884841,1
7.704311731165093,1
8.301680315121748,1
7.9765897490520175,1
8.900840200617735,1
7.958885021129211,1
6.581574025434495,1
9.009537200571193,1
7.275414159309905,1
7.476986929080944,1
7.523470964765206,1
9.099550474536654,1
6.291460628817044,1
10.510198826927995,1
8.844845447252842,1
8.178591131303328,1
7.956084799506971,1
8.228443259886125,1
8.416897942703471,1
8.516172468760045,1
8.444483572802758,1
8.071664545004198,1
7.842129263754139,1
7.878981373077191,1
7.844073375717855,1
8.907016077493651,1
8.474845377824689,1
5.647689092268576,1
8.524720621223809,1
8.15578895577502,1
7.985032994843282,1
7.689185237528891,1
8.89929017598881,1
8.758021169698287,1
7.3816978657411125,1
8.325641829699627,1
7.222674612366971,1
6.896305468168856,1
7.498626220328028,1
8.689914777906207,1
8.76250003630087,1
8.410468336077834,1
8.580076629478398,1
8.412942629691967,1
7.486814723821638,1
8.345538035739153,1
8.640327620182147,1
8.60343306385086,1
8.951130697179714,1
8.566643077760851,1
8.281158566033266,1
8.856120190653142,1
7.978782992600752,1
7.294500279017826,1
7.869546428844989,1
7.404077884154841,1
-4.540142619979505,2
-4.115614936572414,2
-4.633935936799969,2
-4.246369223711232,2
-5.5148917335630285,2
-3.829365034101649,2
-3.9990356197102206,2
-4.653670904854552,2
-3.472603465254076,2
-3.2499438898987534,2
-5.28604789149518,2
-4.610179822852971,2
-4.615313879829839,2
-4.7519224808870915,2
-3.336420126454601,2
-4.155060911018243,2
-4.211611873048488,2
-5.603089891525403,2
-3.4916655758326187,2
-4.991406715882778,2
-3.9520538957869373,2
-3.778098449633447,2
-2.9114731233290794,2
-5.04705631929529,2
-6.41560972465666,2
-3.852920364197044,2
-2.559591054791317,2
-3.00884291764845,2
-3.8322724677802995,2
-4.393308948505638,2
-3.354301922690152,2
-4.778836959763575,2
-3.6189137845150245,2
-3.5956238726666987,2
-3.1518320740008963,2
-1.792271968871138,2
-3.6860672262569865,2
-4.407170900565999,2
-4.020459449753596,2
-5.415260723911294,2
-4.555770504871247,2
-4.3274259504904835,2
-4.419270718347674,2
-3.8781161023730224,2
-4.657935945905761,2
-3.103175466140423,2
-3.999834348065442,2
-4.007440256910892,2
-4.262315773210334,2
-3.875847452912817,2
-3.3399213882658922,2
-4.6937041725687205,2
-4.526493191260205,2
-4.242980823021332,2
-5.076696738778572,2
-4.655406287777199,2
-4.3809766988357275,2
-3.300488655429818,2
-3.78995093679846,2
-3.8451280709059645,2
-3.319281630265622,2
-4.109897430719517,2
-3.687628120056888,2
-4.082577402345997,2
-3.7877101204802974,2
-4.466206926089265,2
-5.951053726621144,2
-4.107423329749043,2
-2.8618014911200476,2
-3.259027678206726,2
-3.2276820123270635,2
-3.0110954225550257,2
-3.92907392723085,2
-3.8421474340755237,2
-4.49412151634748,2
-4.25285828482164,2
-3.5073830801830868,2
-3.036892450264947,2
-4.1115570205448,2
-4.360151411881129,2
-3.9995776329147223,2
-3.519034600856708,2
-5.1550838529068335,2
-5.83694476250979,2
-4.440429479593266,2
-4.976569940731327,2
-4.406512158117849,2
-4.118224255053978,2
-4.362598727218411,2
-2.8380259724234036,2
-3.738604188318144,2
-3.7596205123113373,2
-3.5022342847652785,2
-4.911066494224615,2
-3.168710570063785,2
-4.060611429228368,2
-3.46361550620703,2
-4.857485786432124,2
-5.243007012812852,2
-3.345688273579977,2
-3.698872379121987,2
-4.721641243486008,2
-4.695730465019755,2
-3.0996521724681845,2
-4.9515295142938625,2
-2.685861637395229,2
-4.720496587718295,2
-3.4892864595132935,2
-4.262894780599188,2
-3.5174500551341255,2
-4.435291201691354,2
-4.1302343248578355,2
-3.967264659683423,2
-4.801749964625178,2
-3.4073405236638994,2
-4.410570853177268,2
-4.182879932272015,2
-4.7954794996868095,2
-6.049866927036248,2
-4.152822210080135,2
-2.0699076627096673,2
-3.3723165696815807,2
-4.015408303787516,2
-4.210312663366614,2
-3.982027285750363,2
-3.562304707859832,2
-4.944650252247076,2
-3.1085426442649022,2
-3.4276949476470047,2
-3.4254514194336525,2
-3.6492194089522183,2
-3.984306673844808,2
-3.461711011226544,2
-3.5265486930068977,2
-4.283232568752819,2
-4.458881418317521,2
-3.9185149637904106,2
-2.76078387880385,2
-4.991285660523121,2
-5.1740202126019526,2
-3.868191327010787,2
-3.9592898385151853,2
-3.8613266685036733,2
-3.8048374416732,2
-4.1785618037078445,2
-2.808109249118334,2
-5.280723182781212,2
-4.662797619824197,2
-4.082603808119238,2
-5.314551048923334,2
-4.140683523545657,2
-2.6708238674175853,2
-3.9832908093632304,2
-3.815439275425053,2
-5.008131812138064,2
-4.493089126431582,2
-4.300157104259149,2
-4.254172077404987,2
-2.9746849639969852,2
-3.5538471514199004,2
-4.889166365549626,2
-3.802796177254396,2
-3.6014226012025716,2
-3.087880769182987,2
-2.735567450745301,2
-4.812075353462295,2
-4.648686008968271,2
-5.006062287131693,2
-4.187215887285585,2
-3.6269133004429324,2
-3.2101323867287186,2
-4.0607608189140185,2
-4.255878018603875,2
-3.8785936062010076,2
-4.668114321304018,2
-2.328369022644181,2
-5.286128821694447,2
-3.8522075368834203,2
-2.3811150246162884,2
-3.994560124352002,2
-4.152031228001196,2
-4.285956338248342,2
-4.144313345409926,2
-2.901721220258776,2
-5.7694895290636055,2
-2.7732530389629395,2
-5.139165721960116,2
-4.213321863387532,2
-4.34339553623893,2
-3.5291573841834243,2
-5.278499481506998,2
-3.6302618671344455,2
-2.3805523013705177,2
-5.090539203674249,2
-3.8482350659116835,2
-4.529585742237288,2
-3.6592902350455714,2
-3.984681778067398,2
-4.513189527235448,2
-3.609702172103141,2
-2.5565215121706055,2
-4.152723033381839,2
-3.4241936462814544,2
-5.034618366296931,2
-4.765149101454407,2
-3.622074977695698,2
-2.812707177171228,2
-3.715509320971472,2
-4.250446424418524,2
-4.000566875661317,2
-5.000326187175774,2
-3.5163877389157063,2
-3.2941335501412725,2
-4.361672266266464,2
-4.3760337182076015,2
-3.7872974162783613,2
-4.349375788832477,2
-4.052906091700658,2
-2.3202225686667877,2
-4.197620560596797,2
-4.286672121616978,2
-4.518033444508127,2
-3.4046464228000506,2
-4.144979338574482,2
-4.519498430657141,2
-2.9429567741815905,2
-2.86431759638909,2
-4.480338852590964,2
-5.493231961088493,2
-3.1939890481304625,2
-4.547703860608003,2
-3.367499520669785,2
-5.576083054169469,2
-3.2859221293605527,2
-4.968937543424625,2
-3.41538870474678,2
-3.988581545730853,2
-4.763151535517316,2
-4.3256290503414245,2
-3.450945234434639,2
-3.9152844375078124,2
-3.532469615622013,2
-2.4188475323876117,2
-5.251393289368841,2
-2.706229940025101,2
-3.9165152499814297,2
-4.719027238658502,2
-5.064250900591192,2
-4.151296312621627,2
-3.2626799104604327,2
-4.102039296302028,2
-2.791076055802122,2
-5.1609405520412475,2
-4.009671158276844,2
-5.001914755530495,2
-3.7090944939000257,2
-3.2904900879221595,2
-4.336609434944843,2
-6.083371085301708,2
-3.8408414825628046,2
-3.650609158613192,2
-3.676564196030642,2
-3.011374246542277,2
-4.856842943719239,2
-3.4558271156396403,2
-3.04599399001762,2
-5.4228700672052135,2
-3.744278539264818,2
-4.403343864806137,2
-4.065218138481317,2
-3.721858813169331,2
-4.389782851290842,2
-4.54056646332929,2
-3.97267806600958,2
-4.8697967510902425,2
-4.868660103108148,2
-3.456501373634797,2
-4.9190352281269245,2
-3.4669499992726305,2
-3.629926965716839,2
-5.380645383032477,2
-4.542051721868524,2
-3.044712477562102,2
-4.784932424911745,2
-4.37152340984751,2
-3.6303512853984827,2
-3.3732875925739236,2
-4.2012311088355965,2
-4.478008155753313,2
-2.8621041106411935,2
-2.608880268961937,2
-3.2169135593745635,2
-3.931745485947981,2
-4.646612577312741,2
-4.664355525245252,2
-3.5819887157873938,2
-3.665281423289053,2
-2.8787211256428566,2
-3.479639925971089,2
-5.202464241407855,2
-3.158441905821665,2
-4.798448501851531,2
-4.307177017561881,2
-3.7998398349986444,2
-2.4034660081728285,2
-1.5120651551957112,2
-3.514621552691054,2
-4.1465572949763105,2
-3.5723954812155596,2
-3.289875659300931,2
-4.256534100445753,2
-2.563830915270142,2
-3.8159433926468784,2
-3.6018055287268846,2
-3.4672605983564306,2
-3.6627307115084355,2
-3.3288475996243103,2
-4.493802549237539,2
-4.446641403156825,2
-4.880123386377356,2
-3.648399015503819,2
-3.3768507971903086,2
-3.6337817070784912,2
-2.66040605332197,2
-4.004476815063237,2
-3.4650066755259896,2
-4.8733607009114515,2
-4.30967976197952,2
-3.443569793947378,2
-3.320718311405485,2
-4.235173558131346,2
-4.057279401486453,2
-5.214298997344647,2
-4.285623360645287,2
-3.287693469184171,2
-3.539835987114747,2
-3.599467422895032,2
-3.960181050255232,2
-3.9943494730974587,2
-4.528256911578758,2
-3.4409372638379723,2
-3.663221644488488,2
-3.6063849216057604,2
-4.420827874134064,2
-5.722674335896995,2
-3.1222778305970436,2
-4.383069964806723,2
-4.690220611234497,2
-3.445216870468805,2
-4.313610111935303,2
-3.1520508927627024,2
-3.506395240338642,2
-3.453144541439618,2
-5.092764568960428,2
-3.0304448116908795,2
-3.7909995750129153,2
-4.295421711396963,2
-3.8852892261261993,2
-5.420988186318656,2
-3.6730777508154633,2
-4.823497206545658,2
-5.082136228674828,2
-5.217887348974313,2
-3.10984930000806,2
-4.503410714954231,2
-2.7730178320668006,2
-4.428641170441838,2
-5.365886366074357,2
-4.893219551958928,2
-3.011350703994449,2
-4.124718542349334,2
-4.43862983719248,2
-3.87198541931777,2
-3.5985738110659637,2
-3.1060809472780315,2
-2.8412006160856587,2
-4.287814916631269,2
-5.06083814886563,2
-4.330772128898621,2
-3.791775594733691,2
-4.771007140968488,2
-4.765720731916034,2
-3.724969694760092,2
-4.0389218812563605,2
-3.973762403670731,2
-4.606796267760055,2
-4.184320571364614,2
-4.739386515414644,2
-3.2878412711001705,2
-3.171800532220998,2
-5.476950289790475,2
-4.7436086881539286,2
-5.197223404072063,2
-4.5200191475255185,2
-4.066750375832289,2
-5.159716175758824,2
-4.7374878505002505,2
-4.803165897665199,2
-3.8341861364808447,2
-3.9445245303709995,2
-4.577390042669803,2
-3.8585433022884814,2
-4.437344067669812,2
-4.217324088260843,2
-2.66123832776117,2
-2.9276311585677215,2
-5.039664989542079,2
-3.3362140656966606,2
-3.350882756406726,2
-4.918610631002094,2
-3.3449778849961116,2
-2.7696544652699577,2
-4.8980358449955315,2
-4.734002256811411,2
-3.185870826525198,2
-3.7828037513394817,2
-3.5588189798083816,2
-3.7275286268796024,2
-3.6874432632574847,2
-5.061177702648866,2
-3.1621458347028413,2
-3.064328006057781,2
-4.183512595254422,2
-4.03478155985109,2
-5.2248860020445775,2
-3.588596195185732,2
-3.5423540466286845,2
-4.049752813599449,2
-3.100517312103598,2
-4.267261784783952,2
-3.5483152592851197,2
-4.8157314709536925,2
-4.01884172069939,2
-4.1394834063222685,2
-3.819753662367247,2
-4.295621543066687,2
-4.105178076537334,2
-3.339162262846795,2
-4.349411389790574,2
-5.285261680590944,2
-2.6003328766356635,2
-2.8948367370476107,2
-5.0338101560844954,2
-3.4482337558038445,2
-4.402379816441075,2
-3.7892102277351523,2
-3.764620696789205,2
-4.1875262402530575,2
-4.627012532469117,2
-4.552432841853007,2
-4.732953532384994,2
-4.665457766584356,2
-4.0537426320394845,2
-4.572607991288601,2
-3.454358347429904,2
-2.810203075731258,2
-4.464042593096035,2
-3.808476399571698,2
-3.600251911757653,2
-3.6223981832645804,2
-3.93923578566713,2
-3.405854065312222,2
-3.614200837855474,2
-4.9901299378618384,2
-3.3046751484885815,2
-3.2901673301866063,2
-4.610628883342866,2
-3.9696497316419186,2
-3.453336805751144,2
-4.16745105566349,2
-3.1416175617871906,2
-2.108902004304511,2
-4.628788826107986,2
-5.10483568252302,2
-3.7569451235160995,2
-3.422749995899085,2
-4.184693099075815,2
-2.8373914693431725,2
-5.070884639778599,2
-3.4456651015747113,2
-4.484688656607115,2
-2.6244976750341626,2
-2.4059877174655053,2
-4.613325270226678,2
-4.439645708726864,2
-3.3123296904161585,2
-4.3097045198316115,2
-4.036328974345791,2
-3.9796892635660717,2
-5.535738524958125,2
-4.01107019687539,2
-4.551782219251339,2
-4.3944982579198175,2
-2.8450943972249485,2
-5.005205515423405,2
-3.349435850601618,2
-4.223170344265447,2
-4.223808134796667,2
-3.367702483158631,2
-3.7279589643448876,2
-3.543509602224375,2
-3.225452271573711,2
-4.265046706546658,2
-4.4897893876062005,2
-4.868120421246239,2
-4.660328423983164,2
-1.6407244597530197,2
-3.0042563354105707,2
-5.080859492966417,2
-5.057966365394856,2
-3.6145071506252067,2
-3.5621881620976263,2
-3.5608929317461087,2
-4.203964634842959,2
-4.100363408002321,2
-3.737696380672514,2
-3.9312855949653356,2
-5.775440298198028,2
-4.183839704460155,2
-4.681125147408251,2
-3.8598308648731905,2
-1.6117927979172717,2
-3.7060146676205563,2
-4.250823748937918,2
-3.262558798418198,2
-3.61384969023263,2
-3.663924407638527,2
-3.5145195254274633,2
-2.3547651481363667,2
-4.904710748260733,2
-3.6210943385508365,2
-4.741104903985231,2
-3.5555898829262014,2
-4.734949209188875,2
-4.333893450884068,2
-4.236071931390325,2
-3.2193466245242326,2
-3.265236444846069,2
-4.996573901157108,2
-3.956052711200121,2
-4.567663883799338,2
-5.0068039285402675,2
-4.1736136403394966,2
-4.246786230764656,2
-2.058626810923582,2
-3.6536321397114433,2
-5.10209400060339,2
-4.451819203336754,2
-3.1828933636564813,2
-2.32924578170406,2
-5.268786649790367,2
-5.503939508111236,2
-2.503227859702574,2
-3.688308658103277,2
-4.694634185501093,2
-3.5722967311020515,2
-6.108598191213503,2
-3.9972995947222714,2
-3.737743061725532,2
-3.260583888369736,2
-4.811116761834031,2
-3.931450270877313,2
-4.74033970084767,2
-3.7956929954605463,2
-4.716277057890419,2
-4.326480671328176,2
-4.796652315832183,2
-3.4790910065410743,2
-3.3132391066746676,2
-4.187696455965931,2
-3.9694096040319775,2
-5.1588731317068355,2
-4.23974131840543,2
-4.040163693633396,2
-1.9033655271760197,2
-4.8895736206193305,2
-2.82865820899805,2
-3.2025129812273536,2
-3.7754908764078907,2
-2.593103612643893,2
-3.7023156219145097,2
-3.688672643465657,2
-4.042496522414036,2
-3.021144894065098,2
-3.122824612951293,2
-4.50054182999697,2
-5.055397755679014,2
-4.162384509916525,2
-4.640030851518118,2
-4.050819659692284,2
-3.010049492252689,2
-4.365841324069432,2
-4.03425870504926,2
-3.953581812153284,2
-3.3212552942357725,2
-5.797511467187684,2
-4.485360235812237,2
-3.830973046176422,2
-3.039936834858511,2
-4.393521958004964,2
-5.501242164833499,2
-3.504230843227091,2
-4.508289911060503,2
-4.951733327272289,2
-4.49947631177058,2
-4.147620286124679,2
-4.48379573163057,2
-5.764452845679255,2
-3.282347042490294,2
-2.980099966977022,2
-3.4787824069283952,2
-4.910148536339854,2
-4.161193227158014,2
-4.005217052183567,2
-3.520964488350472,2
-3.465327609025535,2
-4.587339039022797,2
-3.9344035548691516,2
-3.634175676307807,2
-2.8353421422825864,2
-3.4363947681402216,2
-3.368754650099585,2
-3.9329386976565113,2
-2.8716326838371966,2
-3.672189763232402,2
-4.688870328138856,2
-2.877304023899847,2
-3.441677381968778,2
-4.354435216902786,2
-4.3835943739193945,2
-3.7627395638873904,2
-3.629452163785932,2
-3.842166187495035,2
-3.750953061245692,2
-2.6400341003388954,2
-3.1427654782120915,2
-3.8474915269879806,2
-3.2469515353860134,2
-4.826019122822032,2
-3.6816583600425528,2
-2.552554920213512,2
-4.174436716313899,2
-4.678107142895268,2
-4.521671110874449,2
-4.87170642987391,2
-4.627809526502163,2
-4.296406478872023,2
-5.124453615342913,2
-3.9875053328403176,2
-3.278178260970682,2
-4.726204944117536,2
-2.784572861086585,2
-3.5913663291779243,2
-3.175535531500754,2
-4.5262676430817095,2
-3.3163798183467073,2
-4.873547120316251,2
-3.287801999330793,2
-3.862528528165175,2
-3.557399024012173,2
-4.940475684499882,2
-4.716055873821284,2
-3.522217425397292,2
-4.758678403379361,2
-3.6294349663207015,2
-5.093710245168197,2
-3.3214606298666656,2
-4.986018651814807,2
-3.5581600498563812,2
-3.4994952530831993,2
-4.55741745474366,2
-3.5343787463322185,2
-3.7916461893331554,2
-4.43107348495419,2
-4.806843747260967,2
-5.570100553338063,2
-3.720279962160245,2
-5.251842217089644,2
-3.9237246404469532,2
-4.2107585728657995,2
-3.4566857796494435,2
-4.241636399591892,2
-4.263558229077673,2
-3.4145034365693636,2
-3.731953576732706,2
-3.7470752342537774,2
-3.624585928153179,2
-5.228457698565685,2
-3.3945690560104143,2
-3.510024964789118,2
-4.813346502861198,2
-4.195264378939361,2
-4.031445830102105,2
-4.1075974275213865,2
-3.732912026745172,2
-2.854906574535053,2
-3.134586617861737,2
-5.049775354745125,2
-3.502344007755161,2
-2.9368533443716722,2
-3.690553183448638,2
-3.1272156598512266,2
-2.3901836434393875,2
-3.181032363114415,2
-3.800553123486617,2
-3.1639292207321974,2
-3.884089733522487,2
-3.9808775653720354,2
-4.281131388570986,2
-2.749269312934313,2
-4.654742932753601,2
-2.774105820257507,2
-3.600108701007703,2
-5.119444939841554,2
-3.7058805656068627,2
-5.6800212061213,2
-3.4995935865351715,2
-3.291814813608807,2
-4.473884764521642,2
-3.901161843235534,2
-2.436674052999771,2
-4.404597363409549,2
-4.847126069645281,2
-2.814669278029921,2
-2.4299302475753644,2
-3.997043462521722,2
-3.190829571673315,2
-2.9268192675752953,2
-4.593987386030707,2
-4.388244668294295,2
-3.015300389476212,2
-2.651988577033192,2
-3.549695311860516,2
-4.703851482801643,2
-2.410351110640447,2
-4.424776718249571,2
-4.268110224937161,2
-3.7261297324083027,2
-2.7566716634281807,2
-3.316819218758221,2
-3.6681075997104715,2
-3.629369175905515,2
-3.965188265085227,2
-3.553488388385195,2
-6.023648062155443,2
-4.237285967255839,2
-3.806942452066575,2
-4.920811266895606,2
-3.690941345750752,2
-4.163576976788897,2
-2.595619441347608,2
-2.741584219828115,2
-4.37264445529453,2
-4.120670169253356,2
-4.059158052486714,2
-4.361327580927698,2
-3.843980012777499,2
-4.606625655110072,2
-4.904492267950021,2
-3.501831020879785,2
-3.4963763326225514,2
-4.643452607727994,2
-3.28371565538992,2
-4.505262183332265,2
-3.797467809569615,2
-3.343724789910035,2
-4.026890051762971,2
-3.6362072702870925,2
-4.413143715110057,2
-4.157173266742478,2
-4.164687544704273,2
-4.597262677232191,2
-4.141419330492626,2
-5.238894639090997,2
-4.392922997713684,2
-4.2279003946957365,2
-4.204943801996304,2
-4.193197956696623,2
-4.049411359888103,2
-3.616446785531149,2
-3.300386340693982,2
-4.519812181478613,2
-4.962560684311316,2
-4.833635529794482,2
-4.3897623369559415,2
-4.281537054253207,2
-4.615996852957966,2
-5.036893331399916,2
-4.36489666197935,2
-3.854858703908823,2
-3.523976427331548,2
-4.445938442486657,2
-4.330398257714747,2
-4.741358647077849,2
-4.025151336299821,2
-4.678742907352651,2
-3.54149774940704,2
-5.428693193547289,2
-4.28770373796197,2
-3.7591141286466065,2
-3.8529323869419967,2
-1.8455730688156025,2
-3.7201599803456737,2
-4.803243677473608,2
-4.076371397671259,2
-5.420997066773161,2
-4.064479799437409,2
-4.666444845600607,2
-3.2676877795518706,2
-4.439632219676428,2
-4.093412732636198,2
-4.508446273123523,2
-2.608918918517335,2
-4.256994212894329,2
-2.5339543652166387,2
-3.348678590305387,2
-3.614346618131691,2
-3.705013482145984,2
-3.6849621614269985,2
-5.542138063476488,2
-4.223106715320605,2
-3.3238736230525427,2
-4.039117746779285,2
-5.12415187744286,2
-4.041923560461975,2
-2.636715586995607,2
-3.0024866275722246,2
-4.049603207492825,2
-3.2388405783535306,2
-4.293205616294442,2
-5.363097269461376,2
-4.739572790503644,2
-2.7496889851934414,2
-4.219194465463444,2
-4.1947071835000145,2
-4.239870557019905,2
-2.4766907283415946,2
-2.699232867710349,2
-2.2249758132414925,2
-4.127236168320041,2
-3.763500409002324,2
-5.213314039536633,2
-2.81845245910538,2
-4.9342236410143485,2
-3.826579548989897,2
-4.877842022106275,2
-4.471093461390957,2
-4.66980994483976,2
-4.486300208540654,2
-4.431298162519183,2
-4.438615035940062,2
-3.333332870575754,2
-4.883890234450016,2
-3.8235668583889066,2
-3.0256326781555534,2
-4.410557091610717,2
-4.574335112598082,2
-4.1844197001442005,2
-3.056219833311432,2
-3.8447138952373137,2
-4.4249714356860785,2
-3.612898679049568,2
-4.881833719869139,2
-3.4549123916456415,2
-3.673114153838586,2
-4.246246776911107,2
-4.670868638757785,2
-4.709344737826766,2
-3.572146130923272,2
-3.0168155980087503,2
-4.509846197623036,2
-3.6332906371588125,2
-5.669621614881655,2
-4.46769418452576,2
-4.024847146296722,2
-4.727746733585467,2
-4.749205099831677,2
-4.534223645175109,2
-3.7662458173389015,2
-4.1498632147251,2
-5.790584986659978,2
-5.696560122108053,2
-4.48549214228574,2
-3.633850731157158,2
-6.198003874180188,2
-4.399784140921304,2
-4.420998285213937,2
-2.8893297774332414,2
-4.308017449370291,2
-3.6936088122072572,2
-3.886994287930029,2
-5.704453183845761,2
-3.3854342266946102,2
-3.8276827956349697,2
-3.5933850882603284,2
-0.8590098348509385,2
-5.66729035159887,2
-2.6202426801911134,2
-4.2299580155202845,2
-3.7701368764775927,2
-4.036409796240994,2
-4.339389066718435,2
-4.455866342591007,2
-3.7363930115415926,2
-5.213738957337343,2
-3.3995366659825876,2
-4.332955523908203,2
-4.904055471232287,2
-4.360010286396651,2
-2.9942806265099415,2
-4.428268069612979,2
-3.7132371054323037,2
-4.5847650205723784,2
-3.3936625200611044,2
-3.4515938089678366,2
-2.521112933362871,2
-4.140451156399372,2
-3.4650761561936747,2
-3.9215459683688443,2
-2.9633025745095884,2
-4.575065910086984,2
-3.403995749698175,2
-4.155757836893345,2
-4.051350541686798,2
-3.9265980124413016,2
-3.798207682858658,2
-4.0929832344975665,2
-3.828229453463579,2
-2.7375055539502524,2
-3.2116402515078253,2
-3.3046763260024825,2
-4.364431620819096,2
-4.711392662582659,2
-3.235759553409798,2
-3.2991625659761645,2
-2.8218634593992142,2
-4.483184500775383,2
-4.183638924288278,2
-5.311587330020347,2
-4.313976884848699,2
-3.202743591536442,2
-4.373196303382558,2
-3.487616163839341,2
-4.152402484798249,2
-3.7407543774227516,2
-4.918153111852534,2
-3.931832440292879,2
-6.392908776720579,2
-4.1495169265295875,2
-5.304378594972112,2
-3.035204386762547,2
-3.378074117788391,2
-3.6266632144271354,2
-2.7831950182724956,2
-4.75913321665987,2
-2.6021094416675536,2
-3.254246748591692,2
-4.189244229775157,2
-3.0915038822536447,2
-4.885034809929308,2
-4.659611329222139,2
-4.486871778591761,2
-4.4231821664512125,2
-4.845246114208202,2
-3.02153354632374,2
-4.207083520295865,2
-3.7179960253144966,2
-4.4562810931309444,2
-5.456482640438814,2
-3.783954113286862,2
-5.529803980335822,2
-4.054907236868375,2
-5.094652031066248,2
-2.4101792006153535,2
-3.2709098222602226,2
-3.9153969669828155,2
-2.9890346578762648,2
-4.677052781972589,2
-3.5652164970639255,2
-3.8401516530250293,2
-3.788783934933064,2
-2.982117199914586,2
-3.414006317776158,2
-3.7690210697399813,2
-5.323909948982637,2
-4.768037036223571,2
-4.0981671468765795,2
-3.925302100578679,2
-4.904162979739139,2
-2.070658659537263,2
-2.786884755797142,2
-3.518305343686013,2
-3.9423705109730043,2
-4.169767175920922,2
-4.761534768017788,2
-3.93801558518491,2
-3.7937979678857996,2
-4.993408460385299,2
-3.732658866204082,2
-4.124207239059799,2
