"Item.1","Item.2","Item.3","Freq"
1,1,1,50
1,1,2,32
1,1,3,15
1,1,4,10
1,2,1,54
1,2,2,80
1,2,3,40
1,2,4,24
1,3,1,27
1,3,2,52
1,3,3,33
1,3,4,27
1,4,1,4
1,4,2,13
1,4,3,10
1,4,4,10
2,1,1,27
2,1,2,19
2,1,3,11
2,1,4,11
2,2,1,30
2,2,2,78
2,2,3,69
2,2,4,48
2,3,1,24
2,3,2,48
2,3,3,52
2,3,4,53
2,4,1,3
2,4,2,21
2,4,3,20
2,4,4,54
3,1,1,9
3,1,2,12
3,1,3,13
3,1,4,7
3,2,1,11
3,2,2,29
3,2,3,37
3,2,4,44
3,3,1,15
3,3,2,62
3,3,3,60
3,3,4,88
3,4,1,4
3,4,2,27
3,4,3,43
3,4,4,73
4,1,1,4
4,1,2,8
4,1,3,7
4,1,4,9
4,2,1,7
4,2,2,21
4,2,3,25
4,2,4,31
4,3,1,8
4,3,2,23
4,3,3,35
4,3,4,73
4,4,1,4
4,4,2,21
4,4,3,36
4,4,4,105
