"Item.1","Item.2","Item.3","Item.4","Item.5","Frequency"
0,0,0,0,0,691
1,0,0,0,0,2280
0,1,0,0,0,242
0,0,1,0,0,235
0,0,0,1,0,158
0,0,0,0,1,184
1,1,0,0,0,1685
1,0,1,0,0,1053
0,1,1,0,0,134
1,0,0,1,0,462
0,1,0,1,0,92
0,0,1,1,0,65
1,0,0,0,1,571
0,1,0,0,1,79
0,0,1,0,1,87
0,0,0,1,1,41
1,1,1,0,0,1682
1,1,0,1,0,702
1,0,1,1,0,370
0,1,1,1,0,63
1,1,0,0,1,626
1,0,1,0,1,412
1,0,0,1,1,166
0,1,1,0,1,52
0,1,0,1,1,28
0,0,1,1,1,15
1,1,1,1,0,2095
1,1,1,0,1,1219
1,1,0,1,1,500
1,0,1,1,1,187
0,1,1,1,1,40
1,1,1,1,1,3385
