age,bmi,hyp,chl,income
58,27.94,1,249.85,48.91
48,23.58,1,NA,47.36
34,23.35,1,217.32,50.42
62,25.71,0,NA,63.47
27,21.18,0,197.65,37.94
40,27.77,1,NA,44.07
58,28.21,0,220.78,53.77
38,NA,0,197.1,38.52
42,NA,1,NA,NA
30,NA,0,191.28,38.92
30,26.45,0,176.27,51.24
43,27.36,1,NA,60.82
55,NA,0,200.46,63.24
59,25.12,1,NA,54.0
43,27.78,0,209.96,51.88
22,24.78,0,205.46,36.91
41,24.85,0,214.1,40.32
21,22.93,0,167.13,NA
43,NA,0,197.97,39.22
63,25.49,0,NA,69.15
49,27.79,1,214.53,48.23
57,26.13,0,213.8,57.96
21,21.76,1,205.28,38.82
40,28.65,0,194.89,44.93
52,NA,1,231.31,58.29
31,NA,1,195.47,38.25
41,29.49,1,214.97,54.52
63,27.63,1,240.48,48.88
44,NA,1,203.32,50.21
46,24.43,0,NA,65.81
61,28.45,1,235.81,NA
47,25.18,1,228.58,45.43
35,24.54,0,200.93,48.36
34,26.16,0,NA,NA
63,24.7,1,NA,62.46
22,29.96,0,189.31,41.01
56,23.2,0,213.99,NA
26,18.87,0,191.78,48.18
40,28.85,1,NA,50.28
28,26.13,1,209.23,NA
58,29.14,0,212.13,62.28
37,26.64,1,208.1,60.55
23,22.72,0,170.41,NA
44,22.14,0,NA,41.4
33,NA,0,181.47,52.01
28,20.99,0,NA,NA
45,28.81,0,201.82,32.37
21,22.01,0,195.69,43.33
39,21.79,0,194.68,42.17
47,24.52,1,236.19,50.13
26,24.57,0,183.44,41.96
63,25.59,1,NA,61.17
27,20.36,0,177.62,45.53
54,27.33,0,241.31,51.22
33,24.82,0,182.8,47.25
36,NA,0,NA,42.72
55,24.95,1,NA,NA
59,27.89,0,224.9,NA
23,17.69,0,179.49,30.17
21,17.59,1,192.55,45.24
25,20.49,0,186.81,34.46
61,NA,1,NA,65.01
23,23.85,0,200.05,40.59
48,30.92,1,255.54,66.11
37,27.44,1,210.25,43.56
45,NA,1,NA,46.96
63,NA,0,221.43,59.49
53,22.85,1,254.84,51.72
29,23.42,0,182.86,47.35
55,25.59,0,NA,42.32
33,25.09,1,231.48,34.72
50,23.1,0,201.27,43.96
34,25.9,0,205.82,51.3
27,28.6,1,230.26,NA
33,23.58,0,191.14,42.31
42,NA,0,203.15,46.75
59,29.5,0,NA,58.01
40,NA,0,188.56,56.3
35,24.98,0,190.94,36.83
64,27.72,1,222.81,62.11
37,NA,0,200.42,53.15
43,22.45,1,NA,52.66
45,25.49,0,209.59,51.27
44,27.02,0,189.05,57.21
64,32.76,1,247.01,38.57
60,NA,1,247.62,NA
48,33.3,1,207.7,46.17
34,21.39,1,212.52,29.05
64,30.73,1,255.54,64.29
20,23.04,1,184.83,NA
44,32.94,0,234.31,48.1
26,20.29,0,191.85,46.92
28,20.42,1,194.0,53.3
43,23.06,0,201.95,59.17
20,14.97,0,183.16,49.12
63,25.72,0,NA,65.59
27,20.58,0,194.36,40.45
43,25.69,1,NA,NA
30,24.8,0,196.81,39.53
36,30.89,0,189.01,NA
27,26.57,0,193.14,57.22
54,24.46,1,215.56,53.29
54,NA,0,NA,55.69
52,27.96,1,NA,NA
24,18.26,1,210.18,38.55
61,NA,1,NA,72.11
58,NA,1,223.59,51.92
60,NA,1,228.32,59.56
47,19.64,1,230.42,44.91
26,27.86,0,196.85,28.74
28,22.96,1,233.09,35.51
27,27.57,1,214.3,39.55
31,18.14,0,190.51,NA
53,24.26,0,207.73,48.61
52,26.26,0,214.49,42.35
42,25.2,0,202.4,47.44
43,23.58,0,211.69,36.61
56,28.9,1,244.27,NA
54,22.74,1,NA,55.36
63,27.06,1,220.04,47.99
59,27.5,1,NA,54.98
41,26.72,1,225.24,41.53
46,28.01,0,197.07,NA
54,22.54,1,198.46,65.42
20,17.03,1,197.4,21.0
54,30.95,1,NA,55.62
56,27.88,0,NA,54.52
33,21.34,1,217.29,48.52
22,28.07,0,193.36,38.81
20,22.8,0,183.9,29.98
24,27.01,0,NA,35.65
45,NA,0,203.47,43.38
33,NA,0,NA,51.76
58,33.1,1,242.77,57.07
46,24.65,0,NA,65.51
28,26.76,0,207.34,39.91
34,26.34,1,NA,38.03
34,28.87,0,193.19,31.59
45,22.02,0,209.41,35.32
61,29.72,1,226.66,45.88
32,27.54,0,199.64,44.74
51,19.96,0,205.1,57.12
58,NA,0,226.63,44.25
51,18.98,0,209.83,60.21
23,21.82,0,185.95,33.79
49,28.39,0,222.79,53.12
56,31.98,1,NA,68.7
42,NA,0,211.02,55.27
58,NA,1,NA,54.75
64,22.85,0,NA,53.07
34,NA,0,177.65,26.49
62,27.25,1,NA,53.35
48,27.1,0,203.5,49.71
55,NA,1,227.14,47.35
32,16.6,0,187.94,41.55
51,25.81,0,218.0,53.66
26,18.55,1,NA,37.5
41,27.26,0,NA,42.35
47,26.92,0,210.64,NA
21,NA,0,158.2,40.09
61,25.52,1,NA,NA
64,23.97,1,NA,71.49
25,22.78,0,174.29,37.96
47,28.98,0,219.33,51.0
47,22.19,0,223.03,56.52
63,29.32,1,253.13,61.52
63,25.7,1,NA,67.28
39,21.9,0,NA,48.75
49,25.51,0,211.59,47.05
30,19.98,1,199.43,44.39
47,23.7,0,198.96,41.7
44,21.09,0,NA,50.07
58,33.84,0,221.06,56.63
52,26.36,1,229.04,NA
20,19.95,0,183.87,34.97
46,26.27,0,208.43,35.25
32,23.45,1,214.03,38.21
60,26.43,0,233.36,58.74
22,24.79,0,200.16,38.38
58,29.61,1,217.25,48.68
25,NA,0,156.36,48.88
27,21.22,0,199.81,32.92
46,24.56,1,204.11,58.06
28,NA,0,180.14,43.82
56,21.42,1,NA,50.63
52,31.02,1,210.5,67.8
61,33.08,1,247.63,49.0
63,NA,0,230.72,67.0
43,27.18,0,200.23,56.65
34,25.17,0,167.09,38.34
51,36.9,0,NA,NA
51,30.04,1,234.99,51.05
43,24.71,0,186.69,NA
60,NA,1,232.44,NA
31,18.1,1,201.97,40.98
58,27.67,1,239.89,63.39
21,19.87,0,184.05,42.9
22,17.66,0,NA,23.11
56,24.46,0,228.26,NA
36,20.53,0,192.69,31.5
21,28.42,1,205.69,44.81
21,25.61,0,177.72,45.56
47,25.61,1,217.1,42.12
42,30.22,1,NA,44.81
56,26.99,1,228.61,46.95
51,23.11,0,229.21,51.33
52,31.57,0,202.27,NA
20,24.29,1,181.35,NA
38,20.93,1,228.18,56.38
21,21.85,0,182.28,47.72
63,24.5,1,225.17,NA
45,20.56,1,227.85,48.08
51,29.36,0,NA,NA
25,29.68,1,232.31,32.3
51,21.23,1,228.73,60.77
23,24.73,0,183.6,NA
30,21.32,0,216.84,31.63
36,22.62,0,189.61,40.06
57,24.77,1,NA,56.14
43,NA,1,219.19,50.89
24,23.05,0,203.98,31.72
53,23.45,1,243.28,57.54
25,23.95,0,190.48,34.96
41,NA,1,207.93,47.43
30,22.76,1,212.06,45.87
35,NA,1,200.24,44.3
52,24.22,0,234.8,NA
28,26.0,0,196.24,39.52
25,24.75,0,186.59,38.04
35,20.78,0,196.32,41.29
48,26.11,0,NA,49.33
22,25.27,1,191.64,49.89
39,18.84,0,209.38,50.94
55,28.5,0,209.72,52.89
38,NA,0,185.4,NA
45,27.4,0,NA,47.08
22,19.97,0,NA,46.48
38,18.24,0,202.19,48.86
39,NA,1,NA,NA
51,26.29,1,217.09,56.63
26,24.03,0,173.87,26.73
60,24.03,1,248.45,NA
52,NA,0,211.45,44.05
59,21.26,1,NA,58.59
58,NA,1,247.84,70.76
37,20.2,1,215.65,63.2
59,24.8,0,NA,62.55
20,22.57,0,210.8,40.01
30,20.59,1,196.43,27.09
47,24.29,1,232.11,46.51
44,28.8,1,224.37,42.9
42,23.02,0,NA,43.13
50,28.92,1,246.66,51.15
49,21.93,0,211.96,48.17
61,29.17,1,243.3,42.72
54,NA,1,247.05,60.68
26,14.47,1,190.04,30.72
35,NA,1,NA,NA
45,27.42,1,210.37,NA
21,21.81,0,NA,29.19
20,23.7,0,210.74,15.76
31,21.61,1,192.78,39.76
24,23.18,0,185.85,47.01
56,26.18,0,212.47,71.47
51,30.21,0,NA,43.21
28,24.25,1,216.46,44.37
60,NA,1,NA,54.28
54,25.04,1,NA,53.85
38,22.85,1,NA,67.05
35,22.69,0,199.6,32.23
22,24.02,1,198.94,39.13
39,23.21,0,219.07,50.19
43,NA,0,211.93,57.34
52,33.5,0,NA,54.38
43,28.21,0,216.23,51.11
30,22.46,1,220.29,38.37
27,27.44,1,211.61,42.0
55,25.17,1,NA,52.5
57,19.71,1,NA,61.32
59,23.55,1,221.34,54.49
39,18.13,1,201.85,NA
54,NA,1,NA,54.47
44,25.34,1,NA,58.21
54,32.35,1,NA,54.29
44,26.42,0,210.77,35.02
48,24.99,0,228.92,61.5
37,NA,0,205.72,38.1
65,20.06,1,NA,55.52
37,NA,1,NA,40.58
21,25.22,1,181.36,47.55
54,NA,0,NA,37.61
35,28.2,0,206.85,69.35
60,28.38,1,250.7,66.45
55,25.15,0,NA,57.04
52,28.45,1,NA,53.16
23,30.71,0,181.34,39.93
52,26.88,0,211.06,57.77
33,24.83,0,186.86,48.31
40,23.19,0,193.55,51.44
39,21.71,0,205.19,47.17
27,26.15,0,214.05,38.27
26,20.12,0,191.37,38.09
22,22.89,1,NA,35.54
36,22.65,0,202.25,NA
52,27.92,1,NA,58.35
31,NA,0,188.31,NA
41,NA,1,NA,52.8
41,23.13,0,201.37,49.11
65,26.86,1,NA,60.6
49,NA,0,214.23,48.84
57,25.28,1,NA,65.34
57,28.16,1,NA,63.93
64,30.33,1,229.71,54.02
27,20.01,1,196.01,NA
46,NA,0,219.59,42.53
46,30.26,1,222.32,39.26
53,27.81,0,236.06,49.14
40,31.37,1,218.71,53.9
49,23.17,1,NA,59.58
52,21.88,0,219.26,57.7
47,19.41,0,184.59,56.65
52,31.48,1,211.49,57.73
24,25.17,0,172.38,33.07
38,24.37,0,215.45,49.36
23,23.74,1,NA,44.05
54,NA,0,240.99,60.73
36,NA,0,201.4,54.31
63,28.01,1,239.28,65.32
47,26.02,1,241.38,53.66
49,28.42,0,237.09,60.51
48,27.44,1,NA,51.19
65,28.58,1,253.69,53.7
25,20.23,0,198.3,37.45
54,28.13,1,NA,NA
60,33.79,0,236.51,52.6
56,NA,0,214.96,54.64
43,30.74,0,201.24,42.31
48,23.97,1,NA,NA
65,24.34,1,232.48,45.6
50,25.56,1,NA,54.21
54,26.68,0,223.2,54.71
52,30.07,1,242.54,47.06
40,18.88,0,196.82,52.27
51,31.47,1,249.6,60.55
42,24.49,1,NA,NA
52,NA,0,208.9,NA
22,NA,0,173.91,30.95
37,18.65,0,170.86,NA
44,NA,0,207.99,55.84
61,27.58,1,233.62,57.0
50,21.49,1,NA,50.38
22,18.11,0,188.99,21.07
59,25.9,0,NA,62.53
65,33.64,1,NA,50.84
43,24.25,0,218.58,49.13
51,NA,0,NA,NA
41,24.06,0,199.5,58.44
42,24.09,1,205.48,37.63
21,13.08,0,170.67,12.39
46,25.33,0,NA,51.77
61,26.51,1,NA,NA
21,NA,1,220.72,NA
45,31.87,0,207.94,51.43
36,28.26,1,NA,40.87
59,26.14,0,219.69,63.91
52,NA,1,201.38,45.81
28,32.37,1,219.48,44.21
62,27.65,0,NA,63.14
58,27.01,1,226.62,65.38
48,25.68,1,NA,73.48
61,NA,1,NA,61.69
45,24.89,0,199.74,45.68
54,24.47,1,NA,54.5
44,23.37,1,183.24,35.05
43,25.05,0,NA,43.09
32,NA,1,228.4,39.33
26,20.63,0,207.12,35.11
55,26.97,1,224.43,NA
64,26.79,0,215.24,53.62
39,29.94,1,NA,55.42
20,13.12,0,162.45,36.0
27,27.06,0,198.64,39.78
65,32.16,1,NA,58.13
35,16.94,1,218.61,NA
33,22.76,1,207.58,49.75
31,22.42,0,NA,35.11
42,20.11,1,202.09,42.84
34,NA,0,184.07,41.27
47,21.75,1,NA,40.08
53,32.49,1,238.9,47.6
21,25.79,0,200.09,NA
51,30.57,0,207.24,60.05
42,27.57,1,238.73,50.2
41,20.97,1,NA,49.1
44,23.44,1,217.53,NA
41,26.63,0,196.08,46.45
41,20.64,0,169.37,50.67
61,29.82,1,248.16,57.72
25,22.16,0,196.97,NA
34,22.77,0,192.17,NA
62,29.93,1,239.23,39.59
56,28.27,0,NA,54.73
52,24.98,1,NA,64.98
27,27.3,1,NA,NA
63,23.78,1,NA,67.37
63,NA,1,223.89,69.54
24,24.96,0,193.97,38.91
58,25.88,0,200.69,58.48
23,23.9,1,208.14,32.71
25,NA,1,197.81,NA
64,30.91,1,NA,65.13
51,25.47,0,NA,62.68
49,NA,1,213.39,50.83
54,30.15,1,NA,51.1
59,24.61,1,232.73,57.45
35,NA,1,NA,NA
32,18.39,0,NA,31.05
61,29.44,0,223.88,NA
49,21.4,1,NA,47.55
38,30.7,0,NA,36.13
36,NA,0,192.85,40.73
38,NA,0,202.64,44.72
47,NA,1,213.34,47.22
45,25.06,1,221.35,61.37
56,24.81,1,NA,58.41
45,26.8,0,173.17,52.15
42,24.91,1,223.14,53.08
28,27.22,1,220.79,31.29
31,NA,1,180.43,50.36
20,22.93,0,173.1,35.39
20,21.13,1,204.67,41.36
53,26.16,0,NA,45.58
51,27.2,0,213.42,40.62
44,19.29,1,204.49,55.74
59,22.36,0,211.65,60.46
64,30.28,1,NA,52.98
20,23.0,0,NA,29.04
35,23.56,1,NA,53.25
58,27.02,0,212.43,47.38
24,24.1,0,178.07,51.34
41,23.03,0,202.56,40.35
48,23.04,0,NA,56.51
22,23.33,0,191.03,34.47
31,20.3,0,NA,46.88
45,26.83,0,204.76,NA
35,18.24,0,172.56,42.95
56,NA,1,244.95,56.13
41,26.57,0,204.05,39.53
48,26.66,0,208.16,57.33
33,27.4,0,238.21,39.04
47,31.47,1,NA,49.02
24,26.43,0,183.05,30.25
49,19.44,1,212.01,NA
65,23.32,1,247.18,59.22
24,20.69,1,201.12,57.5
31,23.81,0,177.18,48.33
35,26.01,0,210.89,NA
45,22.86,1,209.88,NA
45,NA,0,NA,NA
40,22.16,1,226.33,51.38
58,NA,0,210.43,47.45
55,21.68,0,225.47,64.16
52,23.01,1,224.12,59.32
49,NA,0,215.25,57.7
56,NA,0,218.45,NA
42,NA,1,NA,48.26
29,20.16,0,181.2,46.33
24,32.09,0,210.66,42.93
55,28.33,0,213.39,52.42
53,NA,0,209.61,49.56
50,NA,0,196.33,53.31
29,NA,0,200.36,53.34
38,NA,0,223.05,35.99
51,26.55,1,213.64,41.31
20,31.36,0,NA,37.32
24,22.54,1,NA,38.61
64,NA,1,NA,61.59
23,20.3,0,190.01,39.6
35,24.08,1,NA,42.46
43,31.36,0,216.88,60.57
35,22.01,0,193.21,31.44
21,NA,0,204.33,29.92
47,28.12,1,NA,NA
51,24.15,1,254.89,39.9
46,27.73,1,230.96,NA
39,28.08,1,223.05,59.74
43,27.34,0,209.65,48.82
31,18.22,0,184.06,43.9
54,23.94,0,215.89,44.62
52,25.37,1,222.37,48.67
52,25.98,1,228.6,50.6
62,29.61,0,NA,56.56
56,27.34,1,NA,66.05
31,NA,0,202.88,46.51
22,23.97,1,217.67,28.21
20,24.54,0,185.57,37.97
52,28.2,1,NA,57.59
59,30.86,1,229.91,66.57
29,26.4,0,211.35,53.59
62,NA,1,237.18,NA
