"Function","Title"
"anova",""
"areainfo",""
"ASVAB",""
"Attitude",""
"averageMI",""
"bfactor",""
"Bock1997",""
"boot.LR",""
"boot.mirt",""
"coef",""
"createGroup",""
"createItem",""
"deAyala",""
"DeltaMethod",""
"DIF",""
"draw_parameters",""
"DRF",""
"DTF",""
"empirical_ES",""
"empirical_plot",""
"empirical_rxx",""
"estfun.AllModelClass",""
"expand.table",""
"expected.item",""
"expected.test",""
"extract.group",""
"extract.item",""
"extract.mirt",""
"fixedCalib",""
"fixef",""
"fscores",""
"gen.difficulty",""
"imputeMissing",""
"itemfit",""
"itemGAM",""
"iteminfo",""
"itemplot",""
"itemstats",""
"key2binary",""
"lagrange",""
"likert2int",""
"logLik",""
"LSAT6",""
"LSAT7",""
"M2",""
"marginal_moments",""
"marginal_rxx",""
"MDIFF",""
"mdirt",""
"MDISC",""
"mirt",""
"mirt.model",""
"mirtCluster",""
"mixedmirt",""
"mod2values",""
"multipleGroup",""
"numerical_deriv",""
"personfit",""
"pirt",""
"pirt_DIF",""
"PLCI.mirt",""
"plot",""
"poly2dich",""
"probtrace",""
"randef",""
"RCI",""
"read.mirt",""
"remap.distance",""
"residuals",""
"reverse.score",""
"RMSD_DIF",""
"SAT12",""
"Science",""
"secondOrderTest",""
"SIBTEST",""
"simdata",""
"SLF",""
"summary",""
"testinfo",""
"thetaComb",""
"traditional2mirt",""
"vcov",""
"wald",""
